timestamp,open,high,low,close,volume,date
1565913600000,187.94,188.21,177.96,185.5,46462.79209882,2019-08-16
1566000000000,185.5,186.88,182.11,185.63,16282.37525453,2019-08-17
1566086400000,186.21,198.0,183.37,194.57,23132.75012644,2019-08-18
1566172800000,194.57,203.79,193.15,202.27,36218.94725425,2019-08-19
1566259200000,202.39,202.77,194.48,196.44,20299.20763113,2019-08-20
1566345600000,196.51,197.07,179.94,187.27,44413.96695686,2019-08-21
1566432000000,187.28,195.0,182.63,190.45,47148.66365156,2019-08-22
1566518400000,190.53,197.14,188.3,194.36,35559.19076342,2019-08-23
1566604800000,194.35,194.53,185.51,190.96,29429.10860344,2019-08-24
1566691200000,190.8,192.76,182.49,186.72,24294.28377398,2019-08-25
1566777600000,186.56,194.49,185.31,188.35,43182.4069115,2019-08-26
1566864000000,188.36,189.0,184.56,187.07,25288.73282722,2019-08-27
1566950400000,187.2,188.13,166.0,172.81,63626.74111653,2019-08-28
1567036800000,172.79,173.36,163.49,168.82,48129.48387562,2019-08-29
1567123200000,168.99,170.36,165.52,168.25,31247.71976106,2019-08-30
1567209600000,168.3,174.9,165.93,171.92,21736.482156,2019-08-31
1567296000000,171.92,173.59,167.67,171.38,23616.15996143,2019-09-01
1567382400000,171.32,181.69,170.62,178.84,31732.44241039,2019-09-02
1567468800000,178.94,183.17,174.95,179.12,43029.49253381,2019-09-03
1567555200000,179.0,180.64,173.69,175.02,39018.65743617,2019-09-04
1567641600000,174.47,175.8,170.22,174.0,31718.28910524,2019-09-05
1567728000000,174.01,178.4,165.2,169.15,45120.9397745,2019-09-06
1567814400000,169.16,181.01,168.41,178.25,32108.34723884,2019-09-07
1567900800000,178.26,184.56,176.52,181.61,44192.9459567,2019-09-08
1567987200000,181.53,186.59,175.87,180.89,46738.51131929,2019-09-09
1568073600000,180.88,184.58,176.6,180.06,30348.01115297,2019-09-10
1568160000000,179.64,182.38,174.33,178.47,35898.13418387,2019-09-11
1568246400000,178.49,182.7,176.51,180.99,18353.15092312,2019-09-12
1568332800000,181.32,181.87,177.62,181.25,18111.55979699,2019-09-13
1568419200000,181.32,189.33,180.21,188.68,38821.25696926,2019-09-14
1568505600000,188.83,190.99,186.6,189.45,25717.40867211,2019-09-15
1568592000000,189.72,199.83,188.58,197.72,71386.20353149,2019-09-16
1568678400000,197.88,215.39,196.1,207.88,86983.34483402,2019-09-17
1568764800000,207.96,218.53,207.87,210.23,70502.86850581,2019-09-18
1568851200000,210.24,224.8,202.1,220.79,111845.13986145,2019-09-19
1568937600000,220.84,221.93,212.2,218.1,49725.60113237,2019-09-20
1569024000000,218.07,221.62,213.3,214.94,40639.09833504,2019-09-21
1569110400000,214.94,215.41,206.13,211.07,40564.92954506,2019-09-22
1569196800000,211.54,211.54,198.2,200.77,61457.19318368,2019-09-23
1569283200000,200.99,202.8,152.4,166.28,190344.13938568,2019-09-24
1569369600000,166.28,174.94,162.28,169.92,89526.30206683,2019-09-25
1569456000000,169.92,170.9,151.86,165.88,99769.86035769,2019-09-26
1569542400000,165.97,177.1,161.06,174.46,62208.64685932,2019-09-27
1569628800000,174.43,175.98,168.02,173.96,38467.3747307,2019-09-28
1569715200000,173.91,174.62,164.47,169.36,38764.088255,2019-09-29
1569801600000,169.36,181.62,165.22,181.53,80948.59461211,2019-09-30
1569888000000,181.16,185.79,173.09,176.49,74406.22562268,2019-10-01
1569974400000,176.06,181.57,174.1,180.88,35340.44147993,2019-10-02
1570060800000,180.88,181.16,170.0,174.79,55306.83288001,2019-10-03
1570147200000,174.95,179.35,171.15,175.82,32213.52683354,2019-10-04
1570233600000,175.89,177.19,171.58,176.58,25424.16046762,2019-10-05
1570320000000,176.66,177.17,167.75,170.33,50522.45944349,2019-10-06
1570406400000,170.13,182.93,168.64,180.42,54199.7725083,2019-10-07
1570492800000,180.27,185.34,177.54,181.0,39275.10709632,2019-10-08
1570579200000,180.94,196.2,179.3,193.5,66121.98332884,2019-10-09
1570665600000,193.23,194.81,187.95,191.56,34227.1905206,2019-10-10
1570752000000,191.85,197.45,179.61,180.83,67001.65392637,2019-10-11
1570838400000,180.89,184.71,177.68,179.93,29536.21477828,2019-10-12
1570924800000,179.93,184.98,178.79,181.09,20750.56512872,2019-10-13
1571011200000,181.0,187.71,180.54,186.78,35519.62634984,2019-10-14
1571097600000,186.98,188.66,177.0,180.52,53928.89932058,2019-10-15
1571184000000,180.49,181.19,171.62,174.39,41341.03493268,2019-10-16
1571270400000,174.39,179.21,172.77,177.42,34198.62160618,2019-10-17
1571356800000,177.37,177.42,167.59,173.0,53136.76815807,2019-10-18
1571443200000,173.01,175.41,169.76,171.83,23703.60632533,2019-10-19
1571529600000,172.0,176.6,169.45,175.55,26383.74476503,2019-10-20
1571616000000,175.55,178.34,171.53,174.48,31088.07588559,2019-10-21
1571702400000,174.31,175.4,170.52,171.29,19941.29076523,2019-10-22
1571788800000,171.28,171.41,153.0,162.37,87170.45734459,2019-10-23
1571875200000,162.44,163.89,158.4,160.87,38159.95672086,2019-10-24
1571961600000,160.86,188.17,160.58,181.83,83631.99580758,2019-10-25
1572048000000,182.03,199.0,174.01,180.22,110395.06789908,2019-10-26
1572134400000,180.34,189.14,177.07,184.0,39571.80542001,2019-10-27
1572220800000,184.37,189.9,180.82,182.0,31560.67525802,2019-10-28
1572307200000,182.0,193.45,181.79,191.13,46929.87167012,2019-10-29
1572393600000,191.05,192.93,179.22,183.54,50814.84781916,2019-10-30
1572480000000,183.49,185.55,177.47,182.45,37759.32098918,2019-10-31
1572566400000,182.44,184.7,177.44,183.23,22256.56409139,2019-11-01
1572652800000,183.25,186.07,182.08,183.0,15284.58745877,2019-11-02
1572739200000,183.0,184.93,179.01,181.56,15138.95683384,2019-11-03
1572825600000,181.69,189.39,180.32,186.19,29054.98822141,2019-11-04
1572912000000,186.24,192.54,182.62,188.7,42868.78871751,2019-11-05
1572998400000,188.63,194.71,188.0,191.06,24004.10197528,2019-11-06
1573084800000,191.47,192.08,184.28,186.34,25396.61293992,2019-11-07
1573171200000,186.49,188.16,180.75,183.64,34484.58634699,2019-11-08
1573257600000,183.55,185.78,182.71,184.85,10000.59453849,2019-11-09
1573344000000,184.85,191.8,183.41,188.9,20371.05491742,2019-11-10
1573430400000,188.9,189.96,183.82,184.68,17253.94159183,2019-11-11
1573516800000,184.68,187.37,182.0,186.93,29097.24711873,2019-11-12
1573603200000,186.94,189.81,185.12,187.75,21661.49666446,2019-11-13
1573689600000,187.81,188.39,182.42,184.5,15383.64371775,2019-11-14
1573776000000,184.6,186.6,176.95,179.86,39219.80179235,2019-11-15
1573862400000,179.87,183.16,179.17,182.16,10332.39848006,2019-11-16
1573948800000,182.17,186.25,179.85,183.77,13876.85745229,2019-11-17
1574035200000,183.76,183.84,174.38,177.9,26413.3247064,2019-11-18
1574121600000,177.91,178.07,172.52,175.64,27369.67701648,2019-11-19
1574208000000,175.7,177.32,173.27,174.26,14652.0682184,2019-11-20
1574294400000,174.25,175.5,156.0,161.01,59277.24796218,2019-11-21
1574380800000,161.03,162.82,138.0,149.79,102149.99234312,2019-11-22
1574467200000,149.78,154.25,146.5,151.97,31431.35380788,2019-11-23
1574553600000,152.01,153.16,138.34,140.12,40047.96439192,2019-11-24
1574640000000,140.0,151.77,132.0,146.35,105290.16887198,2019-11-25
1574726400000,145.94,149.82,143.49,147.75,29593.95773773,2019-11-26
1574812800000,147.69,155.96,141.1,152.85,47037.1278141,2019-11-27
1574899200000,153.19,154.82,149.44,151.23,31165.05520831,2019-11-28
1574985600000,151.07,157.98,150.69,154.78,30056.14627629,2019-11-29
1575072000000,154.8,155.34,150.01,151.74,14873.78835592,2019-11-30
1575158400000,151.61,152.49,146.0,150.76,24838.45676913,2019-12-01
1575244800000,151.0,151.49,146.96,148.85,15592.44849685,2019-12-02
1575331200000,148.86,149.95,145.08,147.37,18640.63331872,2019-12-03
1575417600000,147.23,153.12,143.25,145.3,42277.66913279,2019-12-04
1575504000000,145.29,148.85,143.91,147.99,19184.23735765,2019-12-05
1575590400000,148.1,149.8,145.94,148.9,15708.92302449,2019-12-06
1575676800000,148.97,149.8,147.12,147.37,13665.20153455,2019-12-07
1575763200000,147.28,151.9,146.45,150.72,19525.02992955,2019-12-08
1575849600000,150.64,151.35,146.42,147.45,22257.12545018,2019-12-09
1575936000000,147.24,148.19,143.41,145.58,23633.62145146,2019-12-10
1576022400000,145.56,146.22,142.0,143.19,16288.77260208,2019-12-11
1576108800000,143.22,145.73,139.0,144.79,27320.09475329,2019-12-12
1576195200000,144.89,145.1,142.48,144.49,18838.87344789,2019-12-13
1576281600000,144.5,145.05,141.06,141.77,14956.87092697,2019-12-14
1576368000000,141.75,143.85,139.65,142.28,18787.77660637,2019-12-15
1576454400000,142.49,142.49,130.0,132.47,65474.65517634,2019-12-16
1576540800000,132.48,132.74,119.62,121.75,78294.31348274,2019-12-17
1576627200000,121.75,134.86,115.44,132.88,95833.63256131,2019-12-18
1576713600000,132.88,133.99,125.77,128.12,50912.03491596,2019-12-19
1576800000000,128.24,129.37,125.97,128.26,25148.43669005,2019-12-20
1576886400000,128.38,128.44,126.68,127.02,12441.33838344,2019-12-21
1576972800000,127.02,133.2,127.0,132.41,36072.48915499,2019-12-22
1577059200000,132.55,135.1,126.1,128.0,34183.82736198,2019-12-23
1577145600000,127.88,129.46,126.64,127.74,16689.90589857,2019-12-24
1577232000000,127.72,127.79,122.96,124.87,28284.10340789,2019-12-25
1577318400000,124.96,131.96,124.19,125.51,28189.6683886,2019-12-26
1577404800000,125.48,126.7,122.22,126.25,25132.29796013,2019-12-27
1577491200000,126.22,129.79,125.91,127.83,16336.62316592,2019-12-28
1577577600000,127.82,137.81,127.37,134.31,34606.12302591,2019-12-29
1577664000000,134.25,136.02,129.86,131.1,30602.47547173,2019-12-30
1577750400000,130.85,133.28,127.79,128.59,24567.96700613,2019-12-31
1577836800000,128.66,132.86,128.19,130.33,13374.4547044,2020-01-01
1577923200000,130.26,130.26,126.0,126.72,25761.75293485,2020-01-02
1578009600000,126.7,134.72,125.4,134.0,50257.31962755,2020-01-03
1578096000000,134.19,135.91,132.58,134.14,16218.0729796,2020-01-04
1578182400000,134.12,138.3,133.83,135.27,28960.23970127,2020-01-05
1578268800000,135.09,144.57,134.86,144.34,67256.59468463,2020-01-06
1578355200000,144.3,145.32,138.98,143.2,50304.24822416,2020-01-07
1578441600000,143.02,147.95,137.03,140.7,93275.55402786,2020-01-08
1578528000000,140.7,141.57,135.33,137.91,33496.80997001,2020-01-09
1578614400000,137.75,145.32,135.14,144.92,47163.99868057,2020-01-10
1578700800000,144.87,147.92,141.28,142.62,43161.30240365,2020-01-11
1578787200000,142.23,146.5,141.53,146.5,21408.86145823,2020-01-12
1578873600000,146.45,146.99,142.0,143.58,27611.2967656,2020-01-13
1578960000000,143.57,170.0,143.45,166.19,138641.1411234,2020-01-14
1579046400000,165.81,171.61,159.05,166.31,72351.03851665,2020-01-15
1579132800000,166.6,167.27,158.42,164.17,55814.80472928,2020-01-16
1579219200000,164.04,174.0,161.98,169.59,106510.41774259,2020-01-17
1579305600000,169.6,179.0,164.87,174.03,83959.9659729,2020-01-18
1579392000000,173.96,178.06,161.77,166.84,76137.29295796,2020-01-19
1579478400000,166.81,169.2,160.9,166.61,65225.53785335,2020-01-20
1579564800000,166.64,170.01,164.61,169.3,36287.81872113,2020-01-21
1579651200000,169.32,170.92,165.61,167.66,40014.34177396,2020-01-22
1579737600000,167.67,167.67,159.0,162.5,48632.6535546,2020-01-23
1579824000000,162.43,164.3,155.25,162.32,75924.15475931,2020-01-24
1579910400000,162.3,162.48,157.43,160.12,39880.62919832,2020-01-25
1579996800000,160.01,167.65,159.06,167.4,62458.01479199,2020-01-26
1580083200000,167.61,171.77,164.94,169.88,42983.69429777,2020-01-27
1580169600000,169.98,176.89,169.96,176.41,63422.92287084,2020-01-28
1580256000000,176.41,179.0,172.95,173.48,53185.49908975,2020-01-29
1580342400000,173.38,186.6,170.5,184.34,119343.93523638,2020-01-30
1580428800000,184.4,185.47,175.0,179.68,48474.96080572,2020-01-31
1580515200000,179.68,184.0,178.92,183.41,28477.95884968,2020-02-01
1580601600000,183.4,193.3,178.9,188.25,58669.37701892,2020-02-02
1580688000000,188.16,195.14,186.43,189.78,46618.35620077,2020-02-03
1580774400000,189.48,191.28,184.0,188.35,49348.68733562,2020-02-04
1580860800000,188.35,207.95,187.71,203.76,83023.94839104,2020-02-05
1580947200000,203.76,216.4,201.19,212.92,99622.64500428,2020-02-06
1581033600000,213.1,224.77,213.1,222.91,96326.78752993,2020-02-07
1581120000000,222.86,228.0,213.41,223.27,101689.6320767,2020-02-08
1581206400000,223.3,230.8,222.98,228.64,70206.97449789,2020-02-09
1581292800000,228.79,229.4,216.6,223.0,73387.3109162,2020-02-10
1581379200000,223.01,239.89,217.7,237.83,96819.06839825,2020-02-11
1581465600000,238.06,275.88,238.06,266.4,180386.24383892,2020-02-12
1581552000000,266.56,278.0,254.22,268.64,138631.31622842,2020-02-13
1581638400000,268.6,287.71,259.63,285.96,97551.99876697,2020-02-14
1581724800000,285.88,288.98,261.0,264.92,115019.54091253,2020-02-15
1581811200000,264.74,274.03,237.0,258.82,125637.05309051,2020-02-16
1581897600000,258.97,268.99,242.51,268.22,108345.17749976,2020-02-17
1581984000000,268.19,286.49,259.46,282.82,117604.64423013,2020-02-18
1582070400000,283.0,287.0,251.25,258.85,110871.69605685,2020-02-19
1582156800000,258.61,264.24,244.24,257.96,89228.36438694,2020-02-20
1582243200000,257.55,268.5,254.24,265.58,58126.81241369,2020-02-21
1582329600000,265.62,267.01,256.1,262.48,37601.63717446,2020-02-22
1582416000000,262.12,276.58,261.75,275.73,33439.82731264,2020-02-23
1582502400000,275.58,278.26,256.83,265.81,77309.34870926,2020-02-24
1582588800000,265.57,266.25,244.0,246.7,92993.81715936,2020-02-25
1582675200000,246.29,249.89,215.67,223.71,172998.02576401,2020-02-26
1582761600000,223.74,238.13,208.0,227.5,115934.47002126,2020-02-27
1582848000000,227.5,234.39,213.68,227.09,93764.78862581,2020-02-28
1582934400000,227.17,233.31,216.91,217.78,43962.8522805,2020-02-29
1583020800000,217.31,228.0,212.02,217.5,77111.93262878,2020-03-01
1583107200000,217.41,235.52,215.69,232.0,78810.66800248,2020-03-02
1583193600000,232.0,232.99,220.25,223.53,59952.57103945,2020-03-03
1583280000000,223.66,228.89,220.47,224.48,33625.53923481,2020-03-04
1583366400000,224.49,234.6,224.49,228.66,74773.41310502,2020-03-05
1583452800000,228.66,246.27,227.67,245.74,69928.42793991,2020-03-06
1583539200000,245.92,252.5,236.22,237.6,59102.82586,2020-03-07
1583625600000,237.36,237.36,196.0,199.89,132693.27360075,2020-03-08
1583712000000,199.47,208.68,189.07,203.38,152922.60056281,2020-03-09
1583798400000,202.83,206.42,194.77,200.15,70710.79601339,2020-03-10
1583884800000,200.51,203.0,182.0,194.81,105387.20418327,2020-03-11
1583971200000,195.3,195.58,101.52,108.78,770373.30185225,2020-03-12
1584057600000,108.34,145.1,89.8,135.45,612320.30051391,2020-03-13
1584144000000,135.13,135.3,120.34,122.28,82316.32931866,2020-03-14
1584230400000,122.16,133.97,119.86,123.24,144781.81111011,2020-03-15
1584316800000,123.19,123.76,100.63,110.97,231027.39959911,2020-03-16
1584403200000,111.38,121.45,109.68,116.11,120621.74674374,2020-03-17
1584489600000,116.11,118.72,110.19,118.61,114191.54368246,2020-03-18
1584576000000,118.57,143.34,115.84,136.75,185200.5142416,2020-03-19
1584662400000,136.72,153.49,115.0,133.5,244172.09812835,2020-03-20
1584748800000,133.51,138.33,125.79,132.64,99699.89953731,2020-03-21
1584835200000,132.64,137.38,108.1,122.38,153222.4740384,2020-03-22
1584921600000,122.23,138.25,119.26,136.58,132755.99364822,2020-03-23
1585008000000,136.53,144.3,133.19,139.22,113257.8162248,2020-03-24
1585094400000,138.97,143.43,132.68,136.35,73477.44447702,2020-03-25
1585180800000,136.35,140.04,133.57,139.01,57933.93256627,2020-03-26
1585267200000,139.1,141.83,129.19,131.59,58091.82679527,2020-03-27
1585353600000,131.59,133.3,125.0,131.38,62692.41574059,2020-03-28
1585440000000,131.27,131.99,123.94,124.36,52229.76819615,2020-03-29
1585526400000,124.35,135.47,124.02,132.28,64030.52893773,2020-03-30
1585612800000,132.13,135.36,130.35,133.1,39716.41548797,2020-03-31
1585699200000,133.02,137.41,128.85,135.88,58248.00621362,2020-04-01
1585785600000,136.43,150.7,135.65,141.48,93165.67368694,2020-04-02
1585872000000,141.42,146.9,137.1,141.32,65305.51773647,2020-04-03
1585958400000,141.34,146.63,139.09,144.4,34593.66578298,2020-04-04
1586044800000,144.41,145.96,140.8,142.88,24456.34932635,2020-04-05
1586131200000,142.9,172.4,142.85,171.64,136778.4110426,2020-04-06
1586217600000,171.64,176.55,162.15,164.6,125730.28021148,2020-04-07
1586304000000,164.59,174.62,163.52,173.78,102335.5841525,2020-04-08
1586390400000,173.78,174.04,165.25,169.92,70517.10190078,2020-04-09
1586476800000,169.74,170.33,152.46,158.17,113571.99312983,2020-04-10
1586563200000,158.17,161.53,154.2,158.58,38376.48478581,2020-04-11
1586649600000,158.59,165.84,155.45,158.72,89898.13086092,2020-04-12
1586736000000,158.73,159.47,150.0,156.77,91555.93340983,2020-04-13
1586822400000,156.99,162.26,155.55,158.59,45030.56173358,2020-04-14
1586908800000,158.51,161.47,151.82,152.62,59656.35534289,2020-04-15
1586995200000,152.62,175.41,147.0,172.73,176544.133941,2020-04-16
1587081600000,172.69,175.0,168.38,170.92,69101.5601301,2020-04-17
1587168000000,170.91,189.89,170.8,187.65,107235.98876226,2020-04-18
1587254400000,187.84,188.66,176.0,180.22,86172.83774651,2020-04-19
1587340800000,180.19,186.76,166.13,170.49,172460.37980459,2020-04-20
1587427200000,170.4,174.79,168.32,170.99,59116.72231618,2020-04-21
1587513600000,170.94,184.69,170.09,183.16,86826.78907631,2020-04-22
1587600000000,183.03,194.38,178.52,185.68,138976.4435884,2020-04-23
1587686400000,185.64,190.24,184.2,187.72,110636.17408193,2020-04-24
1587772800000,187.81,198.0,185.81,194.52,86637.30531479,2020-04-25
1587859200000,194.51,200.0,192.5,197.83,77204.52167841,2020-04-26
1587945600000,197.85,199.33,187.3,196.84,79847.05457062,2020-04-27
1588032000000,196.72,198.1,192.42,196.71,68848.62727574,2020-04-28
1588118400000,197.05,219.09,196.75,215.45,143120.48978099,2020-04-29
1588204800000,215.45,227.53,202.4,206.2,153699.63632427,2020-04-30
1588291200000,206.16,217.42,206.14,211.88,69786.73062528,2020-05-01
1588377600000,211.98,215.71,210.54,214.11,41002.81001894,2020-05-02
1588464000000,214.04,219.32,203.8,209.9,69177.39109486,2020-05-03
1588550400000,210.08,210.8,195.15,206.99,117103.78706901,2020-05-04
1588636800000,207.0,212.19,200.82,205.62,53264.40639542,2020-05-05
1588723200000,205.48,211.31,197.0,199.48,70143.20767378,2020-05-06
1588809600000,199.3,215.18,196.99,212.34,115539.52610076,2020-05-07
1588896000000,212.5,217.08,207.21,211.62,52790.30509788,2020-05-08
1588982400000,211.6,214.72,208.4,210.03,35237.27424765,2020-05-09
1589068800000,209.88,209.95,180.4,188.02,154579.58227803,2020-05-10
1589155200000,187.84,194.85,176.56,185.89,93149.71939269,2020-05-11
1589241600000,185.81,192.42,185.73,189.72,35296.06197153,2020-05-12
1589328000000,189.93,201.41,188.55,200.07,48895.712447,2020-05-13
1589414400000,199.93,206.16,195.53,203.43,73138.86498657,2020-05-14
1589500800000,203.32,204.23,191.3,194.76,51150.16011503,2020-05-15
1589587200000,194.65,203.33,193.21,200.5,46091.7725781,2020-05-16
1589673600000,200.11,209.92,199.44,206.94,31287.16668364,2020-05-17
1589760000000,206.94,216.98,206.94,214.91,69837.38584869,2020-05-18
1589846400000,214.91,215.99,209.31,214.76,45467.94721486,2020-05-19
1589932800000,214.76,215.45,205.57,209.87,49278.09663938,2020-05-20
1590019200000,209.92,211.41,191.31,198.35,67325.61021536,2020-05-21
1590105600000,198.59,209.33,196.21,207.23,50783.14449296,2020-05-22
1590192000000,207.23,211.5,204.68,206.71,26501.7752537,2020-05-23
1590278400000,206.63,210.68,199.5,199.53,50512.88742827,2020-05-24
1590364800000,199.56,205.57,198.03,204.11,22979.48899462,2020-05-25
1590451200000,204.12,204.9,196.51,200.85,35846.28025823,2020-05-26
1590537600000,200.95,208.35,200.81,208.28,30731.34528178,2020-05-27
1590624000000,208.35,220.7,204.66,220.26,64114.14453892,2020-05-28
1590710400000,220.26,224.7,217.67,220.65,61254.99279605,2020-05-29
1590796800000,220.64,247.28,218.7,243.7,87820.52484256,2020-05-30
1590883200000,243.65,245.48,229.5,231.76,69069.62337666,2020-05-31
1590969600000,231.52,251.29,230.56,248.45,104048.36278743,2020-06-01
1591056000000,248.46,253.54,218.48,237.55,104117.64901749,2020-06-02
1591142400000,237.65,245.02,233.47,244.54,60196.18414756,2020-06-03
1591228800000,244.55,246.66,235.54,243.4,59520.24083276,2020-06-04
1591315200000,243.21,247.89,239.04,240.03,37567.20301097,2020-06-05
1591401600000,239.98,244.5,237.67,242.01,24815.09640742,2020-06-06
1591488000000,241.98,245.93,234.37,244.9,73456.75924424,2020-06-07
1591574400000,244.88,247.77,241.2,246.62,31951.41657838,2020-06-08
1591660800000,246.64,249.9,237.78,244.0,43739.90903197,2020-06-09
1591747200000,244.01,250.49,242.22,247.96,47891.77471234,2020-06-10
1591833600000,247.96,250.15,225.71,230.11,86324.91865127,2020-06-11
1591920000000,230.1,239.22,228.01,237.57,36542.89679712,2020-06-12
1592006400000,237.39,238.64,234.62,237.92,18365.8748636,2020-06-13
1592092800000,238.03,238.69,230.0,231.68,33590.14527917,2020-06-14
1592179200000,231.53,233.8,218.1,230.97,79329.94672568,2020-06-15
1592265600000,231.0,236.25,228.78,235.33,37188.87883419,2020-06-16
1592352000000,235.46,237.38,227.71,233.61,36763.82798204,2020-06-17
1592438400000,233.54,234.45,227.55,231.38,20495.01382064,2020-06-18
1592524800000,231.02,232.09,226.26,228.62,30752.26424498,2020-06-19
1592611200000,228.63,230.66,224.6,228.78,20758.06282344,2020-06-20
1592697600000,228.82,231.0,227.1,227.85,15265.99763663,2020-06-21
1592784000000,227.87,246.99,227.27,243.22,75128.99971395,2020-06-22
1592870400000,243.16,245.09,240.85,243.03,41680.92485027,2020-06-23
1592956800000,243.08,249.28,230.73,234.54,79625.78684876,2020-06-24
1593043200000,234.34,235.12,227.33,232.32,46286.4096243,2020-06-25
1593129600000,232.3,233.19,226.86,229.36,44305.22287869,2020-06-26
1593216000000,229.36,230.89,215.9,220.63,60078.3728468,2020-06-27
1593302400000,220.63,227.57,217.8,224.99,37603.27812092,2020-06-28
1593388800000,224.8,229.82,221.19,227.8,45110.12092891,2020-06-29
1593475200000,227.88,228.78,222.8,225.68,32825.57111343,2020-06-30
1593561600000,225.61,233.0,224.16,231.11,39744.49044874,2020-07-01
1593648000000,231.19,232.07,223.0,226.41,49455.95856067,2020-07-02
1593734400000,226.47,228.27,224.3,225.01,16877.29789183,2020-07-03
1593820800000,225.08,230.68,224.52,229.25,19137.6400073,2020-07-04
1593907200000,229.24,229.97,223.57,227.96,23645.48176223,2020-07-05
1593993600000,227.89,242.3,227.0,241.84,80304.76955511,2020-07-06
1594080000000,241.86,243.7,234.54,239.34,60652.59125132,2020-07-07
1594166400000,239.46,248.9,237.87,246.97,51855.09043174,2020-07-08
1594252800000,246.97,247.85,237.81,241.89,53383.08110505,2020-07-09
1594339200000,241.97,242.02,235.33,241.12,34480.29863509,2020-07-10
1594425600000,241.13,241.52,237.61,239.24,16886.0330219,2020-07-11
1594512000000,239.27,243.98,236.75,243.0,37886.54015153,2020-07-12
1594598400000,243.0,245.26,237.46,239.42,57063.36521768,2020-07-13
1594684800000,239.24,241.9,236.89,240.35,25030.39892478,2020-07-14
1594771200000,240.44,241.28,236.58,238.37,30353.86840651,2020-07-15
1594857600000,238.32,239.11,229.75,233.73,42144.5691623,2020-07-16
1594944000000,233.45,234.4,231.54,232.79,23918.18615452,2020-07-17
1595030400000,232.78,237.01,232.29,235.8,18441.91571754,2020-07-18
1595116800000,235.8,240.11,233.41,239.25,19368.85971479,2020-07-19
1595203200000,239.4,239.88,234.3,236.19,28616.32246201,2020-07-20
1595289600000,236.19,247.0,235.74,246.01,60144.41712042,2020-07-21
1595376000000,246.01,269.5,242.18,264.53,63931.61063056,2020-07-22
1595462400000,264.61,281.43,260.37,275.59,110724.22839087,2020-07-23
1595548800000,275.5,287.91,268.57,279.42,85495.7105802,2020-07-24
1595635200000,279.52,309.94,279.52,305.89,97505.64028131,2020-07-25
1595721600000,305.81,319.83,300.48,311.52,101680.13872205,2020-07-26
1595808000000,311.47,334.28,307.7,322.44,183440.17045428,2020-07-27
1595894400000,322.39,327.23,306.35,317.43,96728.72828196,2020-07-28
1595980800000,317.56,325.5,313.31,318.18,58271.03187517,2020-07-29
1596067200000,318.09,343.0,314.68,335.25,83409.87095787,2020-07-30
1596153600000,335.41,349.74,328.77,347.0,74692.3857674,2020-07-31
1596240000000,346.9,394.07,343.9,387.57,115978.80544895,2020-08-01
1596326400000,387.5,416.39,300.0,372.17,225549.50743617,2020-08-02
1596412800000,372.26,398.29,367.0,386.21,92318.17389541,2020-08-03
1596499200000,386.4,403.52,381.1,389.91,90678.56449128,2020-08-04
1596585600000,390.06,407.89,384.24,401.25,71758.24275166,2020-08-05
1596672000000,401.26,403.77,391.5,395.17,42415.06450057,2020-08-06
1596758400000,395.17,399.0,363.22,379.67,86725.3015718,2020-08-07
1596844800000,379.62,397.4,376.04,397.4,46663.6312043,2020-08-08
1596931200000,397.39,400.35,381.06,390.33,44561.72836084,2020-08-09
1597017600000,390.32,400.0,384.97,395.9,53652.14367132,2020-08-10
1597104000000,395.91,398.38,367.0,378.97,109239.48571141,2020-08-11
1597190400000,378.96,389.47,364.25,387.15,62909.79898386,2020-08-12
1597276800000,387.17,432.22,376.78,424.87,154367.66375891,2020-08-13
1597363200000,425.57,445.08,418.1,438.68,92451.03815641,2020-08-14
1597449600000,438.73,443.54,427.0,432.39,46133.47654597,2020-08-15
1597536000000,432.52,437.49,412.48,433.67,64246.01812903,2020-08-16
1597622400000,433.99,447.44,420.51,431.35,70593.77772776,2020-08-17
1597708800000,431.34,434.2,412.11,422.62,77628.45601165,2020-08-18
1597795200000,422.61,426.5,393.33,407.57,91227.61399911,2020-08-19
1597881600000,407.57,419.54,402.48,416.2,58454.61391948,2020-08-20
1597968000000,416.3,419.08,385.0,387.83,85385.53125803,2020-08-21
1598054400000,387.84,396.9,378.98,395.52,57008.74326452,2020-08-22
1598140800000,395.5,397.09,383.73,390.64,28001.41469343,2020-08-23
1598227200000,390.77,410.98,387.61,407.92,66322.98635652,2020-08-24
1598313600000,407.92,409.15,370.05,383.01,112721.29479894,2020-08-25
1598400000000,382.98,393.56,377.18,385.71,72131.19472743,2020-08-26
1598486400000,385.91,396.85,371.6,383.16,61708.64859145,2020-08-27
1598572800000,383.16,398.32,380.01,395.56,45660.17868569,2020-08-28
1598659200000,395.35,405.87,392.3,398.69,46298.21519638,2020-08-29
1598745600000,398.39,429.5,398.39,428.72,62024.75826499,2020-08-30
1598832000000,429.14,439.0,417.77,433.98,61101.49408447,2020-08-31
1598918400000,434.0,489.57,428.68,475.81,133872.90707915,2020-09-01
1599004800000,475.76,481.0,422.0,439.81,171821.39983916,2020-09-02
1599091200000,440.47,450.0,371.21,382.43,227343.47213929,2020-09-03
1599177600000,382.22,400.79,360.9,385.82,139522.49112394,2020-09-04
1599264000000,385.61,394.8,311.04,335.38,279027.02859385,2020-09-05
1599350400000,334.88,359.9,316.6,352.51,123832.60688844,2020-09-06
1599436800000,352.5,358.5,323.4,353.39,91139.52678844,2020-09-07
1599523200000,353.4,356.41,325.64,337.25,92707.97233698,2020-09-08
1599609600000,337.24,359.0,330.77,351.29,67152.72320001,2020-09-09
1599696000000,351.08,377.77,350.8,368.23,100388.15458008,2020-09-10
1599782400000,367.98,375.29,355.64,373.88,59017.27832861,2020-09-11
1599868800000,374.08,388.0,365.31,387.91,48281.88966854,2020-09-12
1599955200000,387.94,390.0,353.5,366.41,87789.55125136,2020-09-13
1600041600000,366.51,384.15,356.15,377.14,75629.61692299,2020-09-14
1600128000000,377.07,382.48,362.5,364.09,73932.66809598,2020-09-15
1600214400000,363.9,373.78,355.11,364.99,70775.94182297,2020-09-16
1600300800000,365.0,394.68,363.29,389.39,83100.62068667,2020-09-17
1600387200000,389.27,392.39,375.66,384.45,45931.78885663,2020-09-18
1600473600000,384.5,388.41,377.31,385.11,20264.5378151,2020-09-19
1600560000000,384.92,385.0,365.12,371.0,40537.18418934,2020-09-20
1600646400000,370.5,376.74,331.0,339.87,109265.89693262,2020-09-21
1600732800000,339.9,346.9,335.33,344.18,52243.78778023,2020-09-22
1600819200000,344.0,344.5,313.42,320.12,101885.54601953,2020-09-23
1600905600000,320.18,353.4,317.0,349.22,85064.53330927,2020-09-24
1600992000000,348.92,358.0,337.59,351.9,56495.46695218,2020-09-25
1601078400000,351.9,356.17,346.25,354.17,20431.21928364,2020-09-26
1601164800000,354.19,362.28,347.46,357.3,44496.29603354,2020-09-27
1601251200000,357.38,369.08,351.52,353.85,52341.01071517,2020-09-28
1601337600000,353.88,360.59,350.4,359.94,44365.23780339,2020-09-29
1601424000000,359.96,361.23,351.34,359.69,37139.5583797,2020-09-30
1601510400000,359.7,371.32,345.3,353.0,60515.84652014,2020-10-01
1601596800000,353.0,354.22,334.56,345.68,54209.39715735,2020-10-02
1601683200000,345.68,351.09,344.01,346.18,16827.41512442,2020-10-03
1601769600000,346.18,354.45,344.0,352.54,18281.10922374,2020-10-04
1601856000000,352.55,355.99,348.83,353.77,18231.2916864,2020-10-05
1601942400000,354.0,355.19,336.51,340.79,58491.18619527,2020-10-06
1602028800000,340.77,342.98,333.01,341.8,131152.40459146,2020-10-07
1602115200000,341.81,353.4,334.1,351.05,50146.33264231,2020-10-08
1602201600000,351.05,368.42,347.5,365.6,49831.06907866,2020-10-09
1602288000000,365.6,379.0,365.15,371.12,38666.1026588,2020-10-10
1602374400000,370.82,377.4,369.3,374.61,17295.08353575,2020-10-11
1602460800000,374.6,395.81,365.3,387.0,56730.98380209,2020-10-12
1602547200000,386.99,387.86,374.1,381.48,36449.52488364,2020-10-13
1602633600000,381.47,387.59,373.22,379.08,40672.33343864,2020-10-14
1602720000000,379.12,382.15,370.24,377.79,36492.67874025,2020-10-15
1602806400000,377.78,379.85,360.74,365.39,46405.79454039,2020-10-16
1602892800000,365.41,370.62,363.5,368.4,12237.89566158,2020-10-17
1602979200000,368.41,378.47,367.8,378.45,17579.22621921,2020-10-18
1603065600000,378.44,384.98,372.9,379.5,32999.01651933,2020-10-19
1603152000000,379.51,381.0,365.43,368.81,34897.86192866,2020-10-20
1603238400000,368.81,402.23,368.19,391.51,82236.82943093,2020-10-21
1603324800000,391.31,421.42,391.3,414.44,65140.4372164,2020-10-22
1603411200000,414.25,419.52,402.04,409.92,39618.95222814,2020-10-23
1603497600000,409.65,416.61,407.55,412.38,18458.14031274,2020-10-24
1603584000000,412.41,417.84,403.25,406.35,27190.69306837,2020-10-25
1603670400000,406.22,411.31,382.8,393.48,73020.45793027,2020-10-26
1603756800000,393.48,410.48,390.52,403.65,39937.76222947,2020-10-27
1603843200000,403.55,409.18,381.1,388.63,53447.35194238,2020-10-28
1603929600000,388.91,394.11,380.69,387.67,53507.5591511,2020-10-29
1604016000000,387.39,392.0,373.52,382.83,58405.63413756,2020-10-30
1604102400000,383.07,393.76,380.77,386.81,26877.0502171,2020-10-31
1604188800000,386.62,397.47,385.07,396.8,25999.38277106,2020-11-01
1604275200000,396.8,404.56,378.16,383.78,79339.27978363,2020-11-02
1604361600000,383.43,390.41,371.0,388.01,50087.13337709,2020-11-03
1604448000000,388.0,408.7,377.01,402.68,81685.22824174,2020-11-04
1604534400000,402.88,421.64,396.5,417.04,93752.26026705,2020-11-05
1604620800000,417.04,458.7,415.52,456.43,131858.29667143,2020-11-06
1604707200000,456.58,468.83,425.0,435.81,128871.46018709,2020-11-07
1604793600000,435.67,460.89,432.67,454.6,55142.27884227,2020-11-08
1604880000000,454.47,459.63,434.63,444.33,88681.71845238,2020-11-09
1604966400000,444.69,455.16,439.0,451.35,56256.84052489,2020-11-10
1605052800000,451.59,476.57,450.02,464.39,80321.70756459,2020-11-11
1605139200000,463.69,470.0,451.1,462.86,66834.94427632,2020-11-12
1605225600000,463.11,478.48,458.0,477.06,75582.03793856,2020-11-13
1605312000000,477.26,477.98,451.95,461.18,45791.82579323,2020-11-14
1605398400000,461.38,463.14,440.44,448.49,46902.42886507,2020-11-15
1605484800000,448.22,466.0,445.95,460.3,52599.71693786,2020-11-16
1605571200000,460.73,484.9,460.29,482.89,90310.06964491,2020-11-17
1605657600000,482.79,495.4,454.56,479.11,141538.26627282,2020-11-18
1605744000000,479.26,481.99,465.2,471.97,48357.17613413,2020-11-19
1605830400000,472.05,514.77,471.5,510.38,108562.06245637,2020-11-20
1605916800000,510.37,553.5,502.72,552.55,102160.70823348,2020-11-21
1606003200000,552.57,581.82,512.0,561.48,130655.99116526,2020-11-22
1606089600000,560.88,611.58,550.62,609.09,152818.24088851,2020-11-23
1606176000000,609.01,623.47,590.0,605.28,142957.42365857,2020-11-24
1606262400000,605.28,606.63,554.0,569.52,96865.19190828,2020-11-25
1606348800000,569.3,577.43,478.38,520.0,260262.0580718,2020-11-26
1606435200000,520.29,530.99,493.44,518.8,85762.2647947,2020-11-27
1606521600000,518.81,548.5,507.1,538.27,71826.71678382,2020-11-28
1606608000000,538.01,576.9,530.75,576.22,71937.12858139,2020-11-29
1606694400000,576.45,617.37,571.23,616.65,143580.36233871,2020-11-30
1606780800000,616.84,636.58,555.71,586.38,192132.40413581,2020-12-01
1606867200000,586.01,605.34,575.2,597.74,61798.09686065,2020-12-02
1606953600000,597.5,624.53,586.24,616.57,65570.49432186,2020-12-03
1607040000000,616.57,620.57,565.62,567.79,89002.06494963,2020-12-04
1607126400000,567.57,597.69,561.34,597.0,48755.08207449,2020-12-05
1607212800000,596.99,607.68,582.77,602.64,56437.78782055,2020-12-06
1607299200000,602.65,602.99,584.6,591.26,32957.85018806,2020-12-07
1607385600000,591.25,595.0,548.14,554.65,76992.95913216,2020-12-08
1607472000000,554.65,577.97,530.0,573.21,94064.17737227,2020-12-09
1607558400000,573.16,575.28,548.29,558.33,45306.07356259,2020-12-10
1607644800000,558.9,560.35,535.1,544.24,65090.62184688,2020-12-11
1607731200000,544.38,574.0,543.07,568.09,47210.56447939,2020-12-12
1607817600000,567.94,595.0,563.45,590.35,59837.04867915,2020-12-13
1607904000000,590.25,591.65,576.06,586.27,39433.52639877,2020-12-14
1607990400000,586.28,596.9,576.72,589.41,43995.02356601,2020-12-15
1608076800000,589.41,639.1,581.5,638.28,88744.56233394,2020-12-16
1608163200000,638.01,676.61,628.05,643.43,154159.14707953,2020-12-17
1608249600000,644.01,664.02,630.0,654.67,68630.81059908,2020-12-18
1608336000000,654.58,669.0,645.6,658.83,65782.65483748,2020-12-19
1608422400000,658.57,660.6,622.0,638.28,86577.83459697,2020-12-20
1608508800000,638.0,648.0,597.0,608.01,108823.62418088,2020-12-21
1608595200000,608.0,637.47,587.84,637.46,58163.93210002,2020-12-22
1608681600000,637.46,638.34,550.0,585.5,96223.33745158,2020-12-23
1608768000000,585.03,615.14,565.9,612.49,58137.20654204,2020-12-24
1608854400000,612.31,633.33,603.92,626.83,49171.1877611,2020-12-25
1608940800000,626.77,651.99,615.5,635.95,76505.57758732,2020-12-26
1609027200000,636.33,715.09,623.68,683.03,189210.42533624,2020-12-27
1609113600000,683.49,746.71,680.39,729.12,178049.37113408,2020-12-28
1609200000000,729.12,738.97,686.76,731.84,131331.08284668,2020-12-29
1609286400000,731.84,758.0,716.23,752.5,129621.21075442,2020-12-30
1609372800000,752.9,756.11,721.0,737.45,84351.63264722,2020-12-31
1609459200000,737.35,750.0,717.0,730.85,44230.209858,2021-01-01
1609545600000,730.95,788.0,717.5,775.01,149416.82512879,2021-01-02
1609632000000,775.05,1012.7,769.49,979.86,300555.74823493,2021-01-03
1609718400000,980.0,1166.0,888.88,1042.52,395811.50863932,2021-01-04
1609804800000,1043.52,1134.0,975.0,1103.41,272632.4965551,2021-01-05
1609891200000,1103.48,1215.09,1058.97,1211.85,231794.91612556,2021-01-06
1609977600000,1211.73,1289.88,1161.0,1226.18,218838.45107018,2021-01-07
1610064000000,1226.47,1273.4,1065.0,1217.33,253343.50211589,2021-01-08
1610150400000,1218.86,1307.0,1172.79,1280.43,128230.82429453,2021-01-09
1610236800000,1280.68,1350.0,1152.0,1255.15,212133.57380106,2021-01-10
1610323200000,1255.15,1259.97,910.82,1088.94,442942.5208625,2021-01-11
1610409600000,1088.55,1152.78,1001.49,1049.98,201765.86901013,2021-01-12
1610496000000,1050.1,1136.7,985.01,1129.9,144114.80841455,2021-01-13
1610582400000,1130.11,1246.12,1087.24,1231.08,175493.14858902,2021-01-14
1610668800000,1231.08,1257.8,1065.0,1168.24,204856.76269959,2021-01-15
1610755200000,1169.93,1292.01,1152.02,1228.89,152040.54384135,2021-01-16
1610841600000,1227.71,1268.41,1166.0,1233.24,114011.46880161,2021-01-17
1610928000000,1233.24,1260.12,1184.21,1258.27,77758.58108443,2021-01-18
1611014400000,1258.4,1439.55,1252.02,1367.94,257676.3505199,2021-01-19
1611100800000,1367.65,1407.52,1234.71,1378.0,203364.41168835,2021-01-20
1611187200000,1377.99,1389.59,1081.56,1111.76,257626.05933581,2021-01-21
1611273600000,1111.59,1275.0,1040.46,1234.03,218367.13022356,2021-01-22
1611360000000,1234.0,1273.17,1198.12,1233.89,85833.91171202,2021-01-23
1611446400000,1234.27,1400.0,1222.13,1392.01,151154.77789149,2021-01-24
1611532800000,1393.35,1475.0,1291.32,1318.69,231751.21601991,2021-01-25
1611619200000,1318.3,1379.07,1246.0,1367.15,187548.73712274,2021-01-26
1611705600000,1367.61,1374.56,1206.0,1240.68,174723.72309114,2021-01-27
1611792000000,1240.31,1362.76,1220.0,1332.12,136652.52906709,2021-01-28
1611878400000,1332.3,1440.0,1288.95,1379.38,172062.46289631,2021-01-29
1611964800000,1379.38,1402.57,1327.92,1377.99,67237.19948721,2021-01-30
1612051200000,1378.99,1381.0,1282.67,1313.7,70188.67177848,2021-01-31
1612137600000,1313.02,1377.75,1271.03,1374.05,79490.44313367,2021-02-01
1612224000000,1374.89,1549.0,1362.34,1513.12,220413.01387191,2021-02-02
1612310400000,1513.58,1670.98,1509.31,1667.78,142434.44313603,2021-02-03
1612396800000,1669.1,1698.0,1557.41,1598.23,169746.63486751,2021-02-04
1612483200000,1598.22,1763.98,1593.07,1722.0,136821.06089927,2021-02-05
1612569600000,1722.0,1744.58,1648.5,1678.92,103793.42131763,2021-02-06
1612656000000,1678.69,1694.0,1487.27,1615.99,139689.27563387,2021-02-07
1612742400000,1615.46,1777.17,1566.32,1752.18,137478.30143469,2021-02-08
1612828800000,1752.18,1823.99,1709.16,1771.14,101087.51290273,2021-02-09
1612915200000,1772.02,1838.71,1681.0,1743.48,120445.89591542,2021-02-10
1613001600000,1742.55,1818.0,1706.3,1786.31,70469.15110982,2021-02-11
1613088000000,1786.31,1867.58,1739.87,1845.31,92310.16638678,2021-02-12
1613174400000,1844.09,1873.28,1761.77,1818.01,62021.82774418,2021-02-13
1613260800000,1818.01,1851.88,1786.0,1804.34,45768.08000658,2021-02-14
1613347200000,1804.33,1835.23,1666.26,1778.99,155254.72754084,2021-02-15
1613433600000,1779.55,1825.16,1725.0,1781.69,81863.38641757,2021-02-16
1613520000000,1782.0,1856.96,1733.5,1850.95,72397.67230213,2021-02-17
1613606400000,1851.31,1949.73,1851.31,1939.57,88629.36770882,2021-02-18
1613692800000,1939.37,1975.67,1891.57,1957.68,88873.30183439,2021-02-19
1613779200000,1957.73,2038.84,1810.0,1916.01,144509.03261137,2021-02-20
1613865600000,1915.01,1975.0,1886.04,1935.44,60937.58066845,2021-02-21
1613952000000,1935.44,1937.67,700.0,1778.82,232472.07104812,2021-02-22
1614038400000,1778.93,1782.81,1358.0,1579.16,311472.08242014,2021-02-23
1614124800000,1579.0,1716.0,1498.44,1625.01,157749.78248227,2021-02-24
1614211200000,1625.55,1671.9,1458.76,1481.68,103915.86599256,2021-02-25
1614297600000,1480.82,1563.16,1401.0,1445.33,137274.39231725,2021-02-26
1614384000000,1445.23,1526.98,1426.52,1460.13,89749.06168123,2021-02-27
1614470400000,1460.0,1469.27,1295.0,1422.7,173849.72607465,2021-02-28
1614556800000,1422.47,1573.83,1414.0,1570.99,104778.76964392,2021-03-01
1614643200000,1571.0,1616.17,1455.8,1489.22,127169.20496276,2021-03-02
1614729600000,1488.56,1656.3,1478.04,1566.41,99872.15212302,2021-03-03
1614816000000,1567.9,1624.68,1505.69,1537.52,90708.82904413,2021-03-04
1614902400000,1539.76,1549.42,1442.86,1528.76,109879.00345673,2021-03-05
1614988800000,1529.07,1671.1,1513.53,1650.56,72729.44595398,2021-03-06
1615075200000,1651.08,1734.78,1631.19,1727.49,64850.56020209,2021-03-07
1615161600000,1726.83,1842.92,1650.0,1833.68,94445.58476891,2021-03-08
1615248000000,1834.19,1872.34,1796.34,1872.34,72160.27179686,2021-03-09
1615334400000,1872.33,1879.37,1758.12,1795.79,82155.32353417,2021-03-10
1615420800000,1795.44,1847.73,1724.65,1826.87,71185.38407176,2021-03-11
1615507200000,1826.92,1840.64,1722.02,1767.06,60538.00794603,2021-03-12
1615593600000,1767.77,1942.71,1727.7,1920.17,85219.27581306,2021-03-13
1615680000000,1920.98,1930.85,1838.25,1847.8,56996.94311728,2021-03-14
1615766400000,1847.8,1890.99,1735.72,1793.23,72686.99002779,2021-03-15
1615852800000,1794.11,1818.0,1712.03,1805.14,49192.41490951,2021-03-16
1615939200000,1805.69,1839.54,1743.01,1823.76,47484.9695159,2021-03-17
1616025600000,1824.4,1849.0,1759.79,1776.57,44571.04879466,2021-03-18
1616112000000,1776.57,1839.98,1731.4,1810.38,39611.81086877,2021-03-19
1616198400000,1810.38,1868.48,1801.38,1805.0,33257.71400199,2021-03-20
1616284800000,1804.11,1816.48,1747.95,1784.29,33175.76844371,2021-03-21
1616371200000,1784.42,1807.97,1657.26,1681.63,62468.51722298,2021-03-22
1616457600000,1681.21,1720.9,1652.0,1668.4,43768.02657968,2021-03-23
1616544000000,1668.26,1740.91,1544.8,1582.0,71432.09191483,2021-03-24
1616630400000,1582.0,1620.82,1550.0,1586.77,42423.53517339,2021-03-25
1616716800000,1586.8,1699.96,1586.8,1699.89,31573.65031122,2021-03-26
1616803200000,1699.62,1731.7,1668.0,1713.31,31540.21878948,2021-03-27
1616889600000,1715.0,1724.63,1661.9,1685.98,30498.19572262,2021-03-28
1616976000000,1685.98,1841.8,1677.0,1816.31,69522.59451,2021-03-29
1617062400000,1816.4,1859.0,1787.0,1841.69,42076.67905523,2021-03-30
1617148800000,1841.75,1947.96,1771.12,1918.89,85079.79330855,2021-03-31
1617235200000,1919.47,1982.75,1885.47,1968.04,55882.25667852,2021-04-01
1617321600000,1968.29,2143.99,1950.12,2134.29,78982.28557849,2021-04-02
1617408000000,2134.65,2138.87,2002.46,2010.78,53221.65467075,2021-04-03
1617494400000,2010.77,2091.55,1981.0,2076.53,37623.64355363,2021-04-04
1617580800000,2076.18,2129.92,2003.55,2107.51,57381.0985842,2021-04-05
1617667200000,2108.02,2150.0,2045.67,2112.59,54514.39809166,2021-04-06
1617753600000,2112.59,2128.0,1930.18,1961.94,73957.70188507,2021-04-07
1617840000000,1962.81,2084.46,1950.0,2081.15,46783.80794969,2021-04-08
1617926400000,2080.63,2100.65,2050.0,2066.36,29939.68909338,2021-04-09
1618012800000,2066.64,2195.46,2057.35,2134.14,59346.1106693,2021-04-10
1618099200000,2133.99,2163.94,2113.32,2148.99,28665.07954839,2021-04-11
1618185600000,2149.0,2200.0,2102.0,2137.61,44459.0537495,2021-04-12
1618272000000,2137.11,2315.1,2136.35,2299.66,65680.67013392,2021-04-13
1618358400000,2299.91,2445.0,2283.16,2432.04,75210.69407211,2021-04-14
1618444800000,2432.03,2545.0,2401.14,2517.58,72650.34010379,2021-04-15
1618531200000,2517.11,2548.53,2308.0,2426.14,94809.86739435,2021-04-16
1618617600000,2425.99,2496.82,2315.55,2318.27,55680.76905993,2021-04-17
1618704000000,2319.15,2339.78,1950.0,2242.17,162476.61234729,2021-04-18
1618790400000,2240.98,2279.66,2079.9,2162.94,83836.51101466,2021-04-19
1618876800000,2163.55,2349.48,2051.63,2332.15,144663.7642865,2021-04-20
1618963200000,2332.15,2470.0,2236.08,2358.01,133788.75076747,2021-04-21
1619049600000,2358.01,2644.41,2307.72,2401.22,247159.94939799,2021-04-22
1619136000000,2401.0,2442.61,2106.62,2369.08,233704.75637447,2021-04-23
1619222400000,2369.07,2371.15,2160.0,2217.04,88731.83540989,2021-04-24
1619308800000,2217.06,2355.55,2165.0,2321.78,120029.39886601,2021-04-25
1619395200000,2322.09,2543.69,2305.32,2536.12,144895.20403866,2021-04-26
1619481600000,2535.01,2680.3,2483.87,2669.15,97996.48979463,2021-04-27
1619568000000,2669.5,2761.74,2561.2,2749.19,150429.3437707,2021-04-28
1619654400000,2750.0,2800.0,2671.07,2758.17,88547.19142484,2021-04-29
1619740800000,2758.17,2799.75,2727.34,2776.47,58348.65286238,2021-04-30
1619827200000,2776.47,2954.0,2757.14,2947.07,73543.02728911,2021-05-01
1619913600000,2947.06,2985.7,2858.0,2951.66,60780.08658412,2021-05-02
1620000000000,2951.67,3456.27,2951.67,3431.59,179976.84022004,2021-05-03
1620086400000,3431.6,3529.99,3171.5,3242.02,208029.27199774,2021-05-04
1620172800000,3242.01,3547.84,3211.22,3527.69,118131.17086052,2021-05-05
1620259200000,3527.95,3609.72,3382.27,3490.92,107254.69117817,2021-05-06
1620345600000,3491.82,3590.0,3358.0,3482.94,66404.1555283,2021-05-07
1620432000000,3482.85,3960.0,3455.0,3914.12,106384.83159438,2021-05-08
1620518400000,3914.11,3983.0,3730.0,3927.0,90527.71956388,2021-05-09
1620604800000,3928.27,4213.17,3500.0,3950.3,159926.15265395,2021-05-10
1620691200000,3949.27,4181.98,3779.4,4176.0,124635.68126528,2021-05-11
1620777600000,4176.0,4380.0,3727.27,3858.37,181666.00477356,2021-05-12
1620864000000,3833.9,4039.95,3521.0,3717.06,194715.65497713,2021-05-13
1620950400000,3718.97,4178.65,3693.2,4081.01,104788.65398129,2021-05-14
1621036800000,4081.0,4134.76,3634.0,3647.75,97098.66967148,2021-05-15
1621123200000,3648.15,4200.0,3337.58,3586.04,137111.38550712,2021-05-16
1621209600000,3586.3,3587.23,3121.0,3285.06,191928.44451094,2021-05-17
1621296000000,3282.56,3567.25,3242.01,3377.58,95324.16366463,2021-05-18
1621382400000,3376.84,3443.07,1840.66,2443.62,456003.94094196,2021-05-19
1621468800000,2443.62,2995.8,2150.01,2770.82,220544.33939603,2021-05-20
1621555200000,2773.98,2943.0,2104.05,2433.68,266375.06683964,2021-05-21
1621641600000,2433.42,2489.9,2155.94,2297.09,140630.39570916,2021-05-22
1621728000000,2297.15,2382.88,1732.0,2097.48,359318.45989281,2021-05-23
1621814400000,2100.07,2679.0,2084.63,2649.28,219271.96424922,2021-05-24
1621900800000,2651.02,2755.29,2377.0,2709.86,243521.25669279,2021-05-25
1621987200000,2707.69,2910.0,2647.53,2889.61,156562.55166569,2021-05-26
1622073600000,2889.63,2892.61,2640.45,2742.84,116731.77236315,2021-05-27
1622160000000,2742.99,2762.39,2326.92,2408.96,158360.39443632,2021-05-28
1622246400000,2412.59,2575.84,2208.95,2278.45,122953.64170648,2021-05-29
1622332800000,2280.22,2479.87,2183.71,2387.52,92567.94502567,2021-05-30
1622419200000,2386.72,2719.43,2276.44,2705.69,113117.39304889,2021-05-31
1622505600000,2705.26,2740.19,2525.97,2634.34,101728.99970819,2021-06-01
1622592000000,2634.34,2803.52,2551.28,2705.05,101048.49197744,2021-06-02
1622678400000,2705.05,2888.88,2662.0,2854.24,97798.75178709,2021-06-03
1622764800000,2854.99,2860.28,2554.0,2692.49,93884.2590056,2021-06-04
1622851200000,2692.46,2817.23,2548.12,2627.81,102221.09741815,2021-06-05
1622937600000,2627.68,2747.44,2615.66,2712.03,66369.48268736,2021-06-06
1623024000000,2711.78,2848.0,2570.33,2593.69,109688.59018999,2021-06-07
1623110400000,2592.86,2621.65,2310.2,2509.56,135382.83867301,2021-06-08
1623196800000,2509.15,2626.28,2408.28,2608.1,89636.28129448,2021-06-09
1623283200000,2610.45,2624.97,2429.67,2470.57,61602.98057188,2021-06-10
1623369600000,2470.58,2496.04,2322.18,2356.79,59903.68932596,2021-06-11
1623456000000,2353.98,2453.03,2258.59,2367.75,56409.58904163,2021-06-12
1623542400000,2369.82,2555.59,2311.0,2509.91,70029.16075547,2021-06-13
1623628800000,2509.98,2613.9,2461.47,2582.57,57037.20735929,2021-06-14
1623715200000,2582.45,2639.41,2508.89,2543.03,52061.0592015,2021-06-15
1623801600000,2543.86,2555.0,2352.09,2367.47,56674.39409578,2021-06-16
1623888000000,2367.47,2457.61,2304.27,2371.99,47118.94983768,2021-06-17
1623974400000,2371.97,2377.0,2135.0,2232.9,73915.57957292,2021-06-18
1624060800000,2232.9,2277.06,2162.02,2166.27,32336.71648585,2021-06-19
1624147200000,2166.26,2275.83,2044.32,2243.1,87104.35862536,2021-06-20
1624233600000,2243.65,2258.88,1865.01,1886.83,145134.5736743,2021-06-21
1624320000000,1886.83,1998.35,1701.1,1879.95,147694.1728828,2021-06-22
1624406400000,1879.97,2045.65,1851.02,1967.62,58201.72588469,2021-06-23
1624492800000,1968.15,2036.08,1885.0,1988.19,54426.68877449,2021-06-24
1624579200000,1988.19,2020.0,1792.81,1810.18,85175.38486387,2021-06-25
1624665600000,1810.17,1851.93,1715.0,1830.01,80504.17524366,2021-06-26
1624752000000,1830.01,1984.14,1808.1,1983.32,71999.51960328,2021-06-27
1624838400000,1983.32,2145.0,1962.41,2083.45,78619.54935622,2021-06-28
1624924800000,2084.16,2244.0,2076.29,2166.12,58407.95319564,2021-06-29
1625011200000,2164.18,2286.99,2088.49,2276.66,88266.85072758,2021-06-30
1625097600000,2276.89,2277.08,2075.0,2109.25,65460.63044604,2021-07-01
1625184000000,2108.65,2158.98,2017.79,2154.67,71586.61890623,2021-07-02
1625270400000,2155.31,2239.0,2108.58,2227.0,31236.11236131,2021-07-03
1625356800000,2227.52,2387.84,2190.98,2323.6,33925.6208019,2021-07-04
1625443200000,2323.07,2324.35,2156.92,2196.96,54954.0248473,2021-07-05
1625529600000,2197.85,2349.0,2195.0,2322.37,42406.77281329,2021-07-06
1625616000000,2322.0,2408.88,2295.2,2318.11,50725.51116955,2021-07-07
1625702400000,2317.14,2325.0,2083.57,2114.87,61762.42557448,2021-07-08
1625788800000,2115.61,2186.0,2049.25,2146.91,54777.47740489,2021-07-09
1625875200000,2146.9,2191.41,2075.04,2111.03,35934.93331127,2021-07-10
1625961600000,2112.08,2171.88,2081.9,2140.08,14819.04917207,2021-07-11
1626048000000,2139.95,2169.18,2007.07,2033.39,45253.61441751,2021-07-12
1626134400000,2032.0,2046.83,1917.33,1939.07,53513.05921522,2021-07-13
1626220800000,1940.25,2018.43,1865.6,1993.71,57816.78156766,2021-07-14
1626307200000,1993.7,2040.91,1880.46,1917.46,47718.72506953,2021-07-15
1626393600000,1918.03,1963.49,1845.07,1875.39,40831.12639768,2021-07-16
1626480000000,1875.76,1919.0,1848.08,1898.77,40119.78137485,2021-07-17
1626566400000,1898.77,1993.0,1879.8,1892.04,34074.94875033,2021-07-18
1626652800000,1891.67,1918.52,1802.88,1817.31,56131.88993113,2021-07-19
1626739200000,1817.31,1838.65,1717.92,1785.01,95628.58894535,2021-07-20
1626825600000,1785.35,2031.99,1755.03,1995.0,82066.50092764,2021-07-21
1626912000000,1995.0,2045.24,1945.61,2018.2,41886.08582784,2021-07-22
1626998400000,2019.31,2130.0,1997.57,2124.03,29522.94935017,2021-07-23
1627084800000,2124.03,2124.03,2124.03,2124.03,0.0,2021-07-24
1627171200000,2187.0,2197.28,2108.07,2192.33,24942.1563848,2021-07-25
1627257600000,2191.81,2429.81,2174.38,2229.46,94672.96829067,2021-07-26
1627344000000,2228.46,2318.86,2152.0,2301.73,55647.13125389,2021-07-27
1627430400000,2301.73,2344.97,2245.01,2300.1,44623.92049969,2021-07-28
1627516800000,2300.11,2401.78,2265.22,2381.58,32646.55029184,2021-07-29
1627603200000,2381.95,2470.27,2318.01,2463.82,48801.77297607,2021-07-30
1627689600000,2462.75,2552.37,2421.86,2530.53,33361.97334004,2021-07-31
1627776000000,2532.73,2698.47,2515.35,2557.45,70557.16865172,2021-08-01
1627862400000,2557.46,2665.94,2508.48,2609.6,41724.94445741,2021-08-02
1627948800000,2609.61,2632.19,2446.0,2507.34,49350.88041027,2021-08-03
1628035200000,2507.35,2522.53,2482.56,2516.0,1423.52764779,2021-08-04
